id;pic_date;img_file;img_file_content_type
1;2019-05-15T12:16:21;6d6f6e69746f7220313038307020436865636b696e67204163636f756e74;image/png
2;2019-05-14T14:10:27;496e766573746d656e74204163636f756e7420617263686976652046616e74617374696320506c617374696320436869636b656e;image/png
3;2019-05-15T04:36:03;4d6973736973736970706920656d627261636520446576656c6f706572;image/png
4;2019-05-14T16:01:53;506f6c616e64;image/png
5;2019-05-15T02:08:39;726564;image/png
6;2019-05-14T14:54:25;436f72706f72617465205068617365642072656c6174696f6e7368697073;image/png
7;2019-05-14T18:16:19;4d6f6e6579204d61726b6574204163636f756e74;image/png
8;2019-05-14T19:43:50;7669727475616c206465706f736974;image/png
9;2019-05-14T15:29:25;4558452070726f6a656374696f6e204672657368;image/png
10;2019-05-15T03:51:14;50726f6669742d666f6375736564;image/png
